client_name,contract_code,client_email,client_phonenumber1,phonenumber,driver_bool
Hadley Gogie,R9E49MB3ZAZF5,iallward0@si.edu,438-933-4482,276-790-3458,FALSE
Eveleen Walch,H9T78FX7NKVJ2,ocundy1@edublogs.org,474-110-2441,913-750-2306,TRUE
Iolanthe Kirkham,W8T31MD5EMHQ9,ggeraudy2@smugmug.com,501-314-4079,,FALSE
Natty Baughan,S0G80VG5RZCL8,lrawling3@skyrock.com,670-627-8302,514-455-8768,FALSE
Tiffany Tweedle,A7C46TQ4FSVT1,ltansill4@google.es,282-148-1798,471-551-2134,FALSE
Jarret Ivashov,L3P19IB7HEQH5,ccromett5@bloglines.com,270-890-1480,847-651-7043,TRUE
Ruperto Axelbee,D8O66LW1TFBR7,asoutherill6@wiley.com,722-142-2116,151-941-0424,FALSE
Brodie Hustings,B1Z35BP9IBXL5,mstamp7@bravesites.com,998-802-9534,,FALSE
Theodore Jura,K6A60WQ0MJMH0,gmeins8@icq.com,213-599-9642,481-924-4794,TRUE
Douglas Tchaikovsky,H4U33JP6QWEL8,dbedbrough9@statcounter.com,468-345-3846,,FALSE
Peyton Seathwright,L2R32IQ3RBAN2,dwalklotta@discuz.net,397-448-4695,,FALSE
Giorgia Jeayes,R2Y03VZ8PTRG3,hmccorleyb@dot.gov,138-827-5273,,FALSE
Malanie Rains,S5A51ND3LMMO8,everickc@newsvine.com,867-613-6322,125-190-2312,FALSE
Cinda Yosifov,T8D32CA1WAYE9,nlangerd@w3.org,605-944-1050,,FALSE
Sophie Barnicott,T3J07FD3BCFP7,eorrye@comsenz.com,880-391-0858,132-825-0630,FALSE
Cicily Eves,U1D99FJ8YWEH6,ldanceyf@amazon.co.jp,870-298-3860,,TRUE
Rickie De Metz,M0K75HL4OANC0,djoannidig@businessinsider.com,510-548-6596,720-128-4791,FALSE
Clarita Cowans,A9E83KV6ARXQ8,lgwinh@mozilla.org,635-461-2816,,FALSE
Nicolis Haycraft,V7M86UT1OAOZ7,bdullaghani@list-manage.com,680-681-1320,872-750-9374,FALSE
Berna Brumby,C1T46IP2ASEF5,iropertj@harvard.edu,565-535-9978,784-423-3784,TRUE
Salomi Gress,R1G06MG2ZAIT2,fmcgurgank@tumblr.com,903-293-8839,579-276-3801,TRUE
Bondie Cathee,V6O21VR5TTNT5,lmaunderl@reddit.com,473-612-9165,,TRUE
Eda Pickance,C5W51CC0DQCT9,adunnm@google.cn,511-661-8285,,TRUE
Jemima Andreazzi,Y6T27DP0UWJY7,jhastinn@woothemes.com,463-494-1156,612-191-7481,FALSE
Vergil Beslier,Z5Q20OB1RBZM3,ohucquarto@wikispaces.com,363-751-4644,,TRUE
Veriee Starrs,E8B07JW7KXUJ6,bparkesonp@nature.com,633-443-5776,998-926-5137,FALSE
Gae Birth,B0F46IC9EXAR0,szimmermannsq@nhs.uk,877-807-7581,719-126-9493,TRUE
Correy Rutter,E8U44WG4ULIL5,cnanninir@examiner.com,454-679-3994,669-212-4358,FALSE
Estel Woodruffe,Z6V58LX9IMCI3,rcamolettos@oakley.com,804-389-3491,504-538-6638,FALSE
Vlad Golby,E0W62UX4NCVT9,dmoorfieldt@businesswire.com,434-924-0933,,FALSE
Coral Sherrington,X2W58PY6MIKG9,ssearu@multiply.com,449-118-5140,,TRUE
Bernie Kennett,C0X36WQ9WTRU3,mmardollv@4shared.com,359-863-9688,942-554-8332,TRUE
Glyn Sawdon,P8S30VT0YPGX1,pgatchellw@upenn.edu,181-511-1970,765-350-5644,FALSE
Shermie Rosenboim,H1F10GJ5QIPR9,lbarkessx@google.co.jp,242-666-6524,950-399-4349,FALSE
Waylen Tavner,J5U93TA0ELTO4,cgristocky@tripadvisor.com,547-617-8037,,TRUE
Gare Toffanini,F3Q83JF5JFGB0,acreanez@google.ca,760-594-6135,829-299-5077,TRUE
Filberto Prahl,G1K26QN0SGFS2,stiltman10@cargocollective.com,828-233-8567,611-826-8413,FALSE
Opal Joule,U5B81WI9GKBG7,dpydcock11@smh.com.au,130-157-5794,596-267-7779,FALSE
Wes Bolderstone,W0W49VR8HHMB6,bbruinsma12@devhub.com,121-860-3270,454-896-1772,TRUE
Gussi Sanford,F4J71NI4AGNO6,cwelsby13@statcounter.com,134-151-3330,807-241-1359,TRUE
Dawna Parchment,J2K42CP3SNFV4,bdubble14@dmoz.org,594-325-5480,,TRUE
Reine Buessen,F2G90UL9WJWM6,vclaige15@people.com.cn,494-154-4339,,TRUE
Nettle Longfield,B6I78SE7VHDQ3,nflaxman16@pbs.org,453-368-8955,339-867-8592,FALSE
Andrea MacGiany,R3J57NT5WEJD9,kspeak17@princeton.edu,277-817-5929,126-111-2667,FALSE
Cordy Haseman,O3K28ZB9LOHJ5,babbots18@cafepress.com,320-666-1484,,TRUE
Shelton Sprull,C9G94VX0CYPQ4,moneil19@google.pl,291-447-6574,970-579-4567,FALSE
Gare Klein,P4N17OP6ROQA7,rderrett1a@imageshack.us,610-601-7152,263-116-3204,FALSE
Elbert Bruford,V8B85HV4AMEF3,jbarr1b@1688.com,292-426-0409,,TRUE
Willa Sandilands,Z0A49MI0ZADN2,mwight1c@ehow.com,313-291-1265,191-480-5695,FALSE
Brier Yurkin,U2N33JL1ZRNI7,alhommee1d@biblegateway.com,655-307-3154,,TRUE
Olva Petrik,B0M24MC2NFMQ4,rislep1e@nasa.gov,523-343-7295,,FALSE
Terza Degan,U3Z34WC7AYBY1,lstubbert1f@stanford.edu,463-363-7095,597-855-9420,TRUE
Carlee Clerk,X2R46RM2IFQY7,aduddridge1g@netscape.com,387-178-1262,816-115-3020,TRUE
Gardie McCarlie,Y9F42QV6KCEZ5,alangtry1h@sina.com.cn,676-668-1318,,FALSE
Tabor Anstead,B2P55HH0DBXZ9,dfricker1i@squarespace.com,667-874-2652,643-260-7829,TRUE
Mandel Oleszkiewicz,Q4U24SZ6CTYU7,kwhittlesey1j@statcounter.com,174-688-7722,748-669-5192,TRUE
Carolann Tayler,E2V72IC5SAKH7,prilston1k@list-manage.com,677-907-9519,351-867-8074,TRUE
Lonnie Dunlea,Q1V68CX2YRZX3,athoday1l@gov.uk,826-516-6009,828-881-2690,TRUE
Ailina Cuttin,O3J71KV2NEYH8,mpawnsford1m@hc360.com,175-158-3849,539-695-5346,TRUE
Sherlock Blenkinship,R9C96KJ2FGIQ7,arothman1n@bloglines.com,582-860-2624,431-255-4836,TRUE
Valenka Woolstenholmes,V3G68CH9KJGO6,tmallender1o@engadget.com,652-449-1909,612-567-5129,TRUE
Peadar Yexley,P1J24AK8OVMM9,lburhill1p@ed.gov,891-603-8810,,FALSE
Felipe Pyrke,J4H08HX8MYYZ4,wgreet1q@aboutads.info,403-998-2379,775-598-6846,FALSE
Harriot Burner,Z3D81OV8EENF3,bbrowell1r@forbes.com,955-760-0804,179-506-0391,TRUE
Evangeline Castanyer,U1G52ZM1BFGX1,papdell1s@illinois.edu,695-873-8331,650-921-0507,FALSE
Berk Gerwood,I5Q65UJ5THPD5,rrhydderch1t@etsy.com,944-623-5033,557-140-2629,TRUE
Garwood Cuschieri,X6M26UY7VLAL5,rde1u@upenn.edu,274-389-5295,110-240-4676,TRUE
Ira Spurway,P5X29GN9DBGY8,ibalme1v@narod.ru,744-419-3343,759-381-4185,FALSE
Skipper Freake,U9V82HE6LTGI8,mfairholm1w@google.cn,117-656-3937,,FALSE
Caitrin Mordecai,K9N78DS1UEXZ3,ncrannell1x@eepurl.com,219-332-7996,,TRUE
Vincents Priestnall,L7W66JT8OBGR2,rharlin1y@jiathis.com,732-991-9964,,FALSE
Cathrin Woolsey,P0T91BM8PABC7,fbulloch1z@moonfruit.com,834-949-7499,254-970-4570,FALSE
Myrilla Gratten,V4F24UV9CMRV7,masling20@reverbnation.com,766-873-6843,,FALSE
Zarah Le Fleming,H0B18QQ7ETIO2,fshaddick21@delicious.com,558-851-3318,682-913-6973,TRUE
Cordelia Dumbarton,N8S20NC6RIXI3,tmithan22@nbcnews.com,595-401-0137,996-704-2672,TRUE
Brig Gresser,E9Y07JP3SDZW9,pcoushe23@icq.com,769-653-0829,315-803-0374,TRUE
Tammy Tarney,W4D72FV2EONH0,dosullivan24@canalblog.com,247-292-0228,479-790-3580,TRUE
Cart Stanyland,V6M85YZ7NCKD1,ghaldane25@w3.org,565-855-8199,,TRUE
Scott Ruddle,J3E00XU0BSBV1,ecrouch26@addtoany.com,594-437-2409,,TRUE
Filide Udall,O3H66PK6KXSA0,adegiovanni27@oaic.gov.au,607-923-7345,,TRUE
Addi Speakman,S0A25MI8OILL3,efreestone28@hostgator.com,718-583-4715,,TRUE
Foster Treagus,G4C84RU7QTFQ6,elygo29@webmd.com,793-467-3849,,FALSE
Jennette Benettelli,R2M57DF3KSII9,lcapnor2a@senate.gov,902-564-1187,883-882-6107,FALSE
Hulda Eliaz,D7M11GR5KYKU3,rsharples2b@hugedomains.com,376-494-2530,252-104-2758,TRUE
Carmencita Wilcocke,P0E36AM6ZUOY0,idanter2c@webmd.com,610-153-6908,422-373-1894,TRUE
Vladimir Siflet,Z5X49SB4KYYP5,dassiratti2d@ovh.net,758-181-8402,669-971-8450,TRUE
Elsey O'Corr,H2M93NL9RYXN9,rpiegrome2e@odnoklassniki.ru,402-828-8777,,FALSE
Sidonia Karolovsky,H7Q64LI8MYHC4,llavarack2f@so-net.ne.jp,409-551-3259,164-373-5710,TRUE
Maitilde Gomersall,X2S90EQ0OGUB6,bdenial2g@jugem.jp,299-892-9635,,FALSE
Cordi Gwioneth,C4R02LO2MBRF9,abentke2h@instagram.com,247-276-0777,536-137-6861,FALSE
Padraic Yewdale,D6T09FO9ZBTK4,khedgeman2i@photobucket.com,510-552-4364,,TRUE
Ines Mynett,U2Z46NQ8MLJY4,jsmalls2j@slashdot.org,275-367-2231,645-321-7778,TRUE
Tove Darlington,D0S69OB6COEU8,boshea2k@xinhuanet.com,986-558-9221,173-597-8813,FALSE
Thaddus Maides,J9G98UO2MXPG7,sstoddart2l@globo.com,322-847-6077,257-293-2004,TRUE
Lishe Feare,L3B25GY3UFNA5,spiccop2m@gravatar.com,114-376-3316,760-345-2133,FALSE
Nickie Twittey,E2Y03UJ4WYPO1,iangliss2n@paginegialle.it,867-199-8397,,FALSE
Guthrey Bettison,K9J24XU2XMJP0,tmashal2o@is.gd,407-132-6731,692-143-8073,TRUE
Robinetta Ardy,F2O58WG2OHFF4,amanes2p@amazon.de,781-349-1454,642-547-2621,TRUE
Devina McGlone,M4U15SF3YHAK9,nlamputt2q@bizjournals.com,238-921-9903,426-458-7001,FALSE
Timi Jorg,J0U99AY1ADLU9,bwatford2r@ihg.com,622-284-2828,,TRUE
