name,gender_id,birthdate,address_id,drivers_license_number,contract_code
Dulsea Fossitt,G562H,01-08-21,A461O,6Y5Q3S6G8290NVB7T,R9E49MB3ZAZF5
Eveleen Walch,G003X,06-04-97,A994V,0I1E4I7V4271RUS7K,H9T78FX7NKVJ2
Bobbi Brierley,G340S,09-10-54,A838O,6Z4D2S8E3936PLD6C,W8T31MD5EMHQ9
Farleigh Kumaar,G432C,08-11-45,A861J,2O4P0K0L9409RJV5F,S0G80VG5RZCL8
Rurik Sheridan,G683W,11-09-64,A905J,7V4I7L0Z5920QWN6W,A7C46TQ4FSVT1
Jarret Ivashov,G462M,05-05-49,A685L,7J9Q0R7Z6484IYC2W,L3P19IB7HEQH5
Kora Beekman,G556D,10/25/1939,A597Z,1O0K4C3E5693ABF4A,D8O66LW1TFBR7
Brigham Campion,G820K,06-08-38,A854W,0C6W6W7Q6470BAL2R,B1Z35BP9IBXL5
Theodore Jura,G188Q,11-12-42,A641X,9A0W7M6S0328OCQ7Z,K6A60WQ0MJMH0
Whitaker Corkell,G699S,12/25/1935,A469G,5Y5I2L0S2549PRK3G,H4U33JP6QWEL8
Rollie Loudian,G634V,7/20/1985,A340I,1K5J8Q6Y3072HMJ5J,L2R32IQ3RBAN2
Diego Briand,G467J,8/28/1986,A092O,8H7Q5L9Y9831NFK1A,R2Y03VZ8PTRG3
Abie Jovasevic,G046L,01-05-80,A101C,9R2Z0E6Y8639NWG9A,S5A51ND3LMMO8
Romona Vella,G701V,7/29/1967,A346E,1M4G7M9T9434MDA4V,T8D32CA1WAYE9
Araldo Flann,G425Q,04-01-01,A155N,4J0Q1B7E0721BEM5R,T3J07FD3BCFP7
Cicily Eves,G029R,06-01-58,A233H,5N5L4V2L9945KYO8P,U1D99FJ8YWEH6
Micky Kopke,G674H,10-01-96,A664H,8Y3S9B9R2349HTD7I,M0K75HL4OANC0
Catriona Colecrough,G226J,5/27/1981,A143T,8T1G5P3V3593NLN5J,A9E83KV6ARXQ8
Sara-ann Daunter,G622X,04-07-71,A165R,3P2J6C0H1037VVK4S,V7M86UT1OAOZ7
Berna Brumby,G251J,10/13/1931,A985L,1W1J5P6T7032VCV1J,C1T46IP2ASEF5
Salomi Gress,G856N,07-02-70,A289L,5U8J3Z9A8624EKS3I,R1G06MG2ZAIT2
Bondie Cathee,G589A,7/23/1998,A212J,9W9L3D2M4920TAA2E,V6O21VR5TTNT5
Eda Pickance,G201B,02-12-01,A414D,6B8R9P3F7866MWT1N,C5W51CC0DQCT9
Tessy Bourgeois,G203L,01-05-91,A274X,8M9O0Z4Z3559MSS5G,Y6T27DP0UWJY7
Vergil Beslier,G181J,03-04-56,A951N,1I1L7C5G5577NTV8E,Z5Q20OB1RBZM3
Merrilee Aucock,G220P,01-06-63,A375Z,3C2K3B6E3736MWM2E,E8B07JW7KXUJ6
Gae Birth,G161R,2/16/1963,A359S,5V1D3T3A4236DIW9M,B0F46IC9EXAR0
Tuckie Thurlow,G277L,7/15/1988,A162G,5S7V4B2C4927VWR7C,E8U44WG4ULIL5
Christen Chaundy,G286S,03-12-52,A066Y,5I5T6A4T7835MWQ9Y,Z6V58LX9IMCI3
Lark Townshend,G009N,9/17/1977,A231M,7G1T6H9S6900KEQ4D,E0W62UX4NCVT9
Coral Sherrington,G323R,2/13/1951,A208T,2F1X9W0H5533HOB5M,X2W58PY6MIKG9
Bernie Kennett,G576N,07-10-29,A925G,0F5W1F8H7784PHB8K,C0X36WQ9WTRU3
Harmonie Ranscombe,G175V,07-12-02,A615V,4Z9T8K3N0710SDD0F,P8S30VT0YPGX1
Seumas Shrimptone,G146N,7/30/1965,A643L,5B9L3O9M4322ITN6X,H1F10GJ5QIPR9
Waylen Tavner,G380B,05-06-65,A669O,6D5U1O4M3088XPV0J,J5U93TA0ELTO4
Gare Toffanini,G239A,10/16/1953,A798B,3S5O5I8T5555WFT0Q,F3Q83JF5JFGB0
Noami Pache,G394U,11-11-80,A870R,5J0I0G9F8921INJ3H,G1K26QN0SGFS2
Giff Chesswas,G691J,06-04-75,A587Q,4P0O6U9I2475UWC6P,U5B81WI9GKBG7
Wes Bolderstone,G661U,8/29/1933,A386H,7Z1C8W3Q8074VNN7O,W0W49VR8HHMB6
Gussi Sanford,G539B,06-09-59,A788S,2H5H8I5F7799YOU3H,F4J71NI4AGNO6
Dawna Parchment,G744X,9/29/1976,A118O,5Q9A0Q2Q5090HBS8Y,J2K42CP3SNFV4
Reine Buessen,G256C,07-06-91,A205Z,8U3D9R4M2346XHF3Y,F2G90UL9WJWM6
Jelene Scheu,G948P,06-11-54,A775N,9G4L0I2E0935DRX2R,B6I78SE7VHDQ3
Barnett Martland,G190S,05-08-67,A379P,5I1O4M8L8470RLO4X,R3J57NT5WEJD9
Cordy Haseman,G011S,1/18/2002,A254R,9M3T0M9X1979DKW7U,O3K28ZB9LOHJ5
Haily Allmond,G441U,11-04-89,A669Y,5R1U5T7J8297RMV6X,C9G94VX0CYPQ4
Debbie Bedburrow,G839X,08-04-45,A102T,2M4R7W3R1120VQI1E,P4N17OP6ROQA7
Elbert Bruford,G050K,09-03-70,A974O,9P3D0T8K0044CGH8K,V8B85HV4AMEF3
Inglebert Shallow,G487Q,7/25/1969,A887P,4F7C8K5I6433EFZ2I,Z0A49MI0ZADN2
Brier Yurkin,G172S,08-05-71,A950J,8K3S6P8O3364FQA7H,U2N33JL1ZRNI7
Cary Twohig,G016Q,05-10-85,A795O,6D5I7F4I6822SDJ1K,B0M24MC2NFMQ4
Terza Degan,G771N,09-07-23,A841F,7W6C0S2F7556JFR9T,U3Z34WC7AYBY1
Carlee Clerk,G792N,08-11-57,A651C,3N9K5X2E4189UKA9E,X2R46RM2IFQY7
Ezekiel Brickett,G782E,08-05-42,A903F,0E3N3D1L1802NMX0Q,Y9F42QV6KCEZ5
Tabor Anstead,G600V,05-02-25,A316J,6T1A4G0C5695NIJ8Q,B2P55HH0DBXZ9
Mandel Oleszkiewicz,G766Q,7/19/1960,A501V,4M4L7S7Y2241RXC2X,Q4U24SZ6CTYU7
Carolann Tayler,G225O,5/31/1922,A891U,2S9F4J7V4493KXU7R,E2V72IC5SAKH7
Lonnie Dunlea,G387L,02-01-49,A185E,4M4W3U5H4287WHO5D,Q1V68CX2YRZX3
Ailina Cuttin,G117D,9/27/1937,A312A,3N5H6F2I4319BGT0C,O3J71KV2NEYH8
Sherlock Blenkinship,G809D,05-09-23,A143Y,7K2B9H5A2584LQC1I,R9C96KJ2FGIQ7
Valenka Woolstenholmes,G809L,2/20/1942,A769L,1E1Z8I5H1060BJD9P,V3G68CH9KJGO6
Tracy Churchouse,G542B,02-04-61,A541C,6C9L7V5N3609RRW8K,P1J24AK8OVMM9
Max Petracek,G928X,05-05-54,A201Z,3A3O7F4X8738VNG9M,J4H08HX8MYYZ4
Harriot Burner,G930Y,08-03-93,A537C,8J1L7K7C7180HNP1I,Z3D81OV8EENF3
Dode Hawksley,G080Z,11-04-22,A807B,9V9Z4L5M2794RZG0A,U1G52ZM1BFGX1
Berk Gerwood,G660K,4/18/1928,A965K,9M8N2N9A9321GWF2M,I5Q65UJ5THPD5
Garwood Cuschieri,G386K,05-05-78,A835M,2B4T1D6J0417TOC3P,X6M26UY7VLAL5
Martie Abreheart,G110N,2/26/1974,A558M,1K4P7V2E1981OWR5A,P5X29GN9DBGY8
Laural Force,G203F,02-09-28,A215A,1H6J9N5A4455JOU4R,U9V82HE6LTGI8
Caitrin Mordecai,G987U,12/26/1926,A025M,4R1Z0O0B9413NID5O,K9N78DS1UEXZ3
Nial Mallion,G986V,11-07-91,A989A,1C4J5G8N9462IWA7I,L7W66JT8OBGR2
Misha Pacheco,G277A,12/20/1942,A929K,9K7O9K9H8650BYK6O,P0T91BM8PABC7
Cathi Towers,G995C,3/24/1963,A775F,7P0E5W7Z2631QSG8O,V4F24UV9CMRV7
Zarah Le Fleming,G541F,7/28/1925,A210F,7A7E3S2E2797BAR5S,H0B18QQ7ETIO2
Cordelia Dumbarton,G295V,5/28/1997,A186C,5U2N2L3S2421IFI4Z,N8S20NC6RIXI3
Brig Gresser,G473J,03-04-02,A068J,9V3Y4I2Q4673DJC4H,E9Y07JP3SDZW9
Tammy Tarney,G596V,8/23/1962,A143T,7P8P9F2N0533BHZ4I,W4D72FV2EONH0
Cart Stanyland,G182M,04-08-30,A698G,6Y8I3P4M1043QXM7T,V6M85YZ7NCKD1
Scott Ruddle,G118W,2/26/1981,A627S,7W0Z0F8T3124DWX5D,J3E00XU0BSBV1
Filide Udall,G157N,1/16/1958,A537W,6L6K3V6R1174YEJ2Y,O3H66PK6KXSA0
Addi Speakman,G147K,01-07-80,A315C,0M8F1D8Y8508JJQ3E,S0A25MI8OILL3
Mame Towson,G026N,5/20/1962,A853J,9V5F1R6I7613PMR2I,G4C84RU7QTFQ6
Lainey Von Welden,G585B,9/14/1984,A878G,8R8Q5P1G9793RGK5E,R2M57DF3KSII9
Hulda Eliaz,G859P,9/17/1996,A400Z,0N2A7P8L2210CDO8Y,D7M11GR5KYKU3
Carmencita Wilcocke,G551Z,11/25/1978,A134F,7G8X1N3G8840FOP3Y,P0E36AM6ZUOY0
Vladimir Siflet,G943S,9/18/1966,A448M,8N4I2K6C5517TOX4K,Z5X49SB4KYYP5
Brent Precious,G349V,12-07-37,A256M,6R0U0O2X0964XRG6Y,H2M93NL9RYXN9
Sidonia Karolovsky,G318T,08-09-54,A881Y,8O2H9C7B5769GTI4O,H7Q64LI8MYHC4
Isabelita Latchford,G514Y,8/28/1928,A388J,9J4E1B8U4558YUB3F,X2S90EQ0OGUB6
Elnora Thonger,G015Q,6/20/1926,A999N,1R2V8N9C7734BER0K,C4R02LO2MBRF9
Padraic Yewdale,G815R,05-09-87,A933N,7F5T7I6D8551ZSU9I,D6T09FO9ZBTK4
Ines Mynett,G976B,9/13/1920,A999P,0F2G3Y9Y1715NNS3W,U2Z46NQ8MLJY4
Hurleigh O'Lunny,G526E,02-03-99,A252D,3K7S8V5O9286CEF8P,D0S69OB6COEU8
Thaddus Maides,G011M,08-01-56,A488O,0Q7Q9D5A0693TMW4Z,J9G98UO2MXPG7
Heda McGrae,G548S,1/15/1970,A911V,9F0T9Z2Y9036QHG0G,L3B25GY3UFNA5
Jorgan Odegaard,G391Q,06-09-41,A234H,3G1X5Y1R4921ITZ8E,E2Y03UJ4WYPO1
Guthrey Bettison,G972T,03-11-82,A115O,8E0L4G2E1478FNH5K,K9J24XU2XMJP0
Robinetta Ardy,G014B,03-10-46,A317I,9Z8G9Q9X6514INQ0F,F2O58WG2OHFF4
Doe McLurg,G218C,04-04-86,A487L,2W2D2Y7K4849OVT5R,M4U15SF3YHAK9
Timi Jorg,G272P,10/24/1939,A346A,3T0Y2E7D4098EHL9R,J0U99AY1ADLU9
